Name,Price,Image
 Alpha Spirit Complementos Snacks de Pollo en Monodosis para Perro - Pack 16 x 35Grs,9.94,https://www.petsonic.com/12024-medium_default/snacks-de-pollo-en-monodosis-para-perro.jpg
 Alpha Spirit Complementos Snacks de Queso en Monodosis para Perro - Pack 16 x 35Grs,9.94,https://www.petsonic.com/12025-medium_default/snacks-de-queso-en-monodosis-para-perro.jpg
 Advance +7 Años Snack senior para perros mayores - Pack 7 sobres 150Grs.,16.14,https://www.petsonic.com/18861-medium_default/siete-anos-snack.jpg
 Alpha Spirit Complementos Snacks de Higado en Monodosis para Perro - Pack 16 x 35Grs,9.94,https://www.petsonic.com/12026-medium_default/snacks-de-higado-en-monodosis-para-perro.jpg
 Bayer Limpiador Dental Masticable para Perros - 140 gr,6.99,https://www.petsonic.com/15895-medium_default/bayer-limpiador-dental-masticable-para-perros.jpg
 Carnilove Snack Crunchy Caballa con Frambuesas premio crujiente para perro Mackerel & Raspberries - 6 Unidades.,14.54,https://www.petsonic.com/19065-medium_default/snack-crunchy-caballa-frambuesas.jpg
 Alpha Spirit Complementos Snacks de Pescado en Monodosis para Perro - Pack 16 x 35Grs,9.94,https://www.petsonic.com/12027-medium_default/snacks-de-pescado-en-monodosis-para-perro.jpg
 Purina Pro Plan Snack Dentalife para Perro X-Small - 5 Unidades x 69gr,9.65,https://www.petsonic.com/15574-medium_default/snack-dentalife-para-perro-x-small.jpg
 Purina Pro Plan Snack Dentalife para Perro X-Small - 5 Unidades x 207gr,25.17,https://www.petsonic.com/15573-medium_default/snack-dentalife-para-perro-x-small.jpg
 Orijen Black Angus Beef dog treats premios para perro 100% proteina y nada mas - 42.5 Gr,6.58,https://www.petsonic.com/20620-medium_default/orijen-black-angus-beef-dog-treats-premios-para-perros.jpg
 Alpha Spirit Complementos Snacks de Pato en Monodosis para Perro - Pack 16 x 35Grs,9.94,https://www.petsonic.com/12028-medium_default/snacks-de-pato-en-monodosis-para-perro.jpg
 Purina Pro Plan Snack Dentalife para Perros Mini - 5 unidades x 115Grs,11.63,https://www.petsonic.com/11184-medium_default/purina-pro-plan-snack-dentalife-mini-para-perros.jpg
 Purina Pro Plan Snack Dentalife para Perros Mini - 4 Unidades x 345gr,23.23,https://www.petsonic.com/11185-medium_default/purina-pro-plan-snack-dentalife-mini-para-perros.jpg
 Orijen Regional Red dog treats premios para perro 100% proteina y nada mas - 42.5 Gr,5.49,https://www.petsonic.com/20623-medium_default/orijen-regional-red-dog-treats-premios-para-perros.jpg
 Purina Pro Plan Snack Dentalife para Perros Medianos - 5 unidades x 115Grs,11.59,https://www.petsonic.com/11186-medium_default/purina-pro-plan-snack-dentalife-medianos-para-perros.jpg
 Purina Pro Plan Snack Dentalife para Perros Medianos - 5 unidades x 345Grs,29.05,https://www.petsonic.com/11187-medium_default/purina-pro-plan-snack-dentalife-medianos-para-perros.jpg
 Kong Pasta Easy Treat para Perro - 0.236 L,5.82,https://www.petsonic.com/13278-medium_default/kong-pasta-easy-treat-para-perros.jpg
 Orijen Tundra dog treats premios para perro 100% proteina y nada mas - 42.5 Gr,6.77,https://www.petsonic.com/20624-medium_default/tundra-dog-treats-premios-para-perros.jpg
 Purina Pro Plan Snack Dentalife para Perros Grandes - 5 Unidades x 142gr,9.02,https://www.petsonic.com/11188-medium_default/purina-pro-plan-snack-dentalife-grandes-para-perros.jpg
 Purina Pro Plan Snack Dentalife para Perros Grandes - 5 Unidades x 426gr,29.05,https://www.petsonic.com/11189-medium_default/purina-pro-plan-snack-dentalife-grandes-para-perros.jpg
 Purina Pro Plan Adventuros Mini Sticks de Búfalo - Pack 6 sobres de 90gr,6.79,https://www.petsonic.com/14127-medium_default/purina-pro-plan-adventuros-mini-sticks-bufalo-para-perros.jpg
 Adventuros maxi steaks Wild Buffalo 70grs - 1 Unidad.,3.83,https://www.petsonic.com/20644-medium_default/adventuros-maxi-steaks-wild-buffalo-70grs.jpg
 Dentastix para perros pequeños -10kg. Pedrigree barritas dentales - Caja 28 barritas ( 7 x4),8.24,https://www.petsonic.com/10731-medium_default/pedigree-dentastix-5-10-kg-sticks-dentales-para-perros.jpg
 Dentastix para perros pequeños -10kg. Pedrigree barritas dentales - Caja 56 barritas ( 8x7),16.14,https://www.petsonic.com/10731-medium_default/pedigree-dentastix-5-10-kg-sticks-dentales-para-perros.jpg
 Dentastix para perros pequeños -10kg. Pedrigree barritas dentales - Caja 112 barritas (16x7),23.24,https://www.petsonic.com/10731-medium_default/pedigree-dentastix-5-10-kg-sticks-dentales-para-perros.jpg
 Juguete Hueso Natural Pollo 40Grs 6 unidades Comestible 6 unidades Ferplast - XS,4.36,https://www.petsonic.com/21448-medium_default/juguete-hueso-natural-pollo-40grs-6-unidades-comestible-6-unidades-ferplast.jpg
 Juguete Hueso Natural Pollo 40Grs 6 unidades Comestible 6 unidades Ferplast - S,4.45,https://www.petsonic.com/21449-medium_default/juguete-hueso-natural-pollo-40grs-6-unidades-comestible-6-unidades-ferplast.jpg
 Purina Pro Plan Adventuros Strips Venado - Pack 6 sobres de 90gr,6.79,https://www.petsonic.com/14128-medium_default/purina-pro-plan-adventuros-strips-venado-para-perros.jpg
 Dentastix para perros medianos 10-25kg. Pedrigree barritas dentales - Caja 28 barritas ( 7 x4),9.21,https://www.petsonic.com/10732-medium_default/pedigree-dentastix-10-25kg-sticks-dentales-para-perros.jpg
 Dentastix para perros medianos 10-25kg. Pedrigree barritas dentales - Caja 56 barritas ( 8x7),18.04,https://www.petsonic.com/10732-medium_default/pedigree-dentastix-10-25kg-sticks-dentales-para-perros.jpg
 Dentastix para perros medianos 10-25kg. Pedrigree barritas dentales - Caja 112 barritas (16x7),27.12,https://www.petsonic.com/10732-medium_default/pedigree-dentastix-10-25kg-sticks-dentales-para-perros.jpg
 Juguete Goodbite Natural Cordero Comestible 1 unidad Ferplast - 70 Grs,3.58,https://www.petsonic.com/21426-medium_default/juguete-goodbite-natural-cordero-comestible-4-unidades-ferplast.jpg
 Dentastix para perros grandes +25kg. Pedrigree barritas dentales - Caja 28 barritas ( 7 x4),11.63,https://www.petsonic.com/15896-medium_default/pedigree-dentastix-25-kg-para-perros.jpg
 Dentastix para perros grandes +25kg. Pedrigree barritas dentales - Caja 56 barritas ( 8x7),22.80,https://www.petsonic.com/15896-medium_default/pedigree-dentastix-25-kg-para-perros.jpg
 Dentastix para perros grandes +25kg. Pedrigree barritas dentales - Caja 112 barritas (16x7),36.82,https://www.petsonic.com/15896-medium_default/pedigree-dentastix-25-kg-para-perros.jpg
 Purina Pro Plan Adventuros Sticks de Búfalo - 120 gr,6.79,https://www.petsonic.com/14130-medium_default/purina-pro-plan-adventuros-sticks-bufalo-para-perros.jpg
 Purina Pro Plan Adventuros Sticks de Búfalo - 6 Unidades.,6.79,https://www.petsonic.com/14130-medium_default/purina-pro-plan-adventuros-sticks-bufalo-para-perros.jpg
 Juguete Goodbite Natural Pollo Comestible 1 unidad Ferplast - 70 Grs,3.58,https://www.petsonic.com/21427-medium_default/juguete-goodbite-natural-pollo-comestible-4-unidades-ferplast.jpg
 Vetnova Glyco-flex l Snacks para Perro - 120 Comprimidos,60.78,https://www.petsonic.com/11857-medium_default/glyco-flex-l-snacks-para-perro.jpg
 Purina Pro Plan Biscuits Dental Bar 150gr. - 6 Unidades.,16.01,https://www.petsonic.com/13407-medium_default/purina-pro-plan-biscuits-dental-bar-150gr-para-perros.jpg
 Juguete Goodbite Natural Cereal S 40Gr Comestible 1 unidad Ferplast - S,2.32,https://www.petsonic.com/21433-medium_default/juguete-goodbite-natural-cereal-s-40gr-comestible-6-unidades-ferplast.jpg
 Vetnova Glyco-flex ll Snacks para Perro - 60 Comprimidos,39.49,https://www.petsonic.com/11858-medium_default/vetnova-glyco-flex-ll-snacks-para-perro.jpg
 Vetnova Glyco-flex ll Snacks para Perro - 120 Comprimidos,72.06,https://www.petsonic.com/11858-medium_default/vetnova-glyco-flex-ll-snacks-para-perro.jpg
 Vetnova Glyco-flex ll Snacks para Gatos y Perros Pequeños - 60 Comprimidos,36.30,https://www.petsonic.com/11859-medium_default/vetnova-glyco-flex-l-snacks-para-gatos-y-perros-pequenos.jpg
 Juguete Goodbite Natural Cordero 40Grs 1 unidad Comestible Ferplast - XS,2.22,https://www.petsonic.com/21434-medium_default/juguete-goodbite-natural-cordero-40grs-6-unidades-comestible-ferplast.jpg
 Juguete Goodbite Natural Cordero 40Grs 1 unidad Comestible Ferplast - S,2.32,https://www.petsonic.com/21435-medium_default/juguete-goodbite-natural-cordero-40grs-6-unidades-comestible-ferplast.jpg
 Purina Pro Plan Biscuits Light 400gr. - 4 Unidades,11.40,https://www.petsonic.com/13408-medium_default/purina-pro-plan-biscuits-light-400gr-para-perros.jpg
 Vetnova Glyco-flex III Snacks para Perro - 30 Comprimidos,34.10,https://www.petsonic.com/11863-medium_default/vetnova-glyco-flex-lll-snacks-para-perro.jpg
 Vetnova Glyco-flex III Snacks para Perro - 60 Comprimidos,56.15,https://www.petsonic.com/11863-medium_default/vetnova-glyco-flex-lll-snacks-para-perro.jpg
 Vetnova Glyco-flex III Snacks para Perro - 120 Comprimidos,93.59,https://www.petsonic.com/11863-medium_default/vetnova-glyco-flex-lll-snacks-para-perro.jpg
 Juguete Goodbite Natural Jamon 1 Unidad Comestible Ferplast - S,2.32,https://www.petsonic.com/21438-medium_default/juguete-goodbite-natural-jamon-6-unidades-comestible-ferplast.jpg
 Acana Treat Free Run Duck 35 gr premios ultra calidad para perros - 1 Unidad.,5.98,https://www.petsonic.com/13837-medium_default/treat-free-run-duck-35-gr.jpg
 Vetnova Glyco-flex lll Snacks para Perro Mini - 60 Comprimidos,37.43,https://www.petsonic.com/11862-medium_default/vetnova-glyco-flex-lll-snacks-para-perro-mini.jpg
 Juguete Goodbite Natural Pollo 2 Unidades Comestible Ferplast - XS,2.22,https://www.petsonic.com/21440-medium_default/juguete-goodbite-natural-pollo-6-unidades-comestible-ferplast.jpg
 Acana Treat Grass-Fed Lamb 35 gr premios ultra calidad para perros - 1 Unidad.,5.98,https://www.petsonic.com/13838-medium_default/treat-grass-fed-lamb-35-gr.jpg
 Vetnova Multiva Active para Perro - 45 Comprimidos,18.70,https://www.petsonic.com/11868-medium_default/vetnova-multiva-active-para-perro.jpg
 Juguete Goodbite Natural Ternera 2 Unidades Comestible Ferplast - XS,2.22,https://www.petsonic.com/21442-medium_default/juguete-goodbite-natural-ternera-6-unidades-comestible-ferplast.jpg
 Juguete Goodbite Natural Ternera 2 Unidades Comestible Ferplast - S,2.32,https://www.petsonic.com/21443-medium_default/juguete-goodbite-natural-ternera-6-unidades-comestible-ferplast.jpg
 Acana Treat Yorkshire Pork 35 gr premios ultra calidad para perros - 1 Unidad.,5.98,https://www.petsonic.com/13840-medium_default/treat-yorkshire-pork-35-gr.jpg
 Vetnova Multiva Calming para Gatos y Perros Pequeños - 21 Comprimidos,11.00,https://www.petsonic.com/11869-medium_default/vetnoca-multiva-calming-para-gato-y-perros-pequenos.jpg
 Juguete Hueso Natural Cereal S 40Grs Comestible 6 unidades Ferplast - S,4.45,https://www.petsonic.com/21444-medium_default/juguete-hueso-natural-cereal-s-40grs-comestible-6-unidades-ferplast.jpg
 Orijen Free Run Duck dog treats premios para perro 100% proteina y nada mas - 42.5 Gr,6.98,https://www.petsonic.com/19383-medium_default/orijen-treat-free-run-duck-42-5-gr-para-perros.jpg
 Vetnova Multiva Calming para Perros Medianos y Grandes - 21 Comprimidos,18.70,https://www.petsonic.com/11870-medium_default/vetnova-multiva-calming-para-perros-medianos-y-grandes.jpg
 Juguete Hueso Natural Cordero S 40Grs Comestible 6 unidades Ferplast - S,4.45,https://www.petsonic.com/21445-medium_default/juguete-hueso-natural-cordero-s-40grs-comestible-6-unidades-ferplast.jpg
 Orijen Regional dog Treats 42.5 gr premios para perro 100% proteina y nada mas - 1 Unidad.,5.98,https://www.petsonic.com/13414-medium_default/regional-treats-42-5-gr.jpg
 Orijen Regional dog Treats 42.5 gr premios para perro 100% proteina y nada mas - 6 Unidades.,32.30,https://www.petsonic.com/13414-medium_default/regional-treats-42-5-gr.jpg
 Vetnova Multiva Motion para Perro - 60 Comprimidos,18.70,https://www.petsonic.com/11872-medium_default/vetnova-multiva-motion-para-perro.jpg
 Juguete Hueso Natural Jamon 40Grs 6 unidades Comestible 6 unidades Ferplast - XS,4.36,https://www.petsonic.com/21446-medium_default/juguete-hueso-natural-jamon-40grs-6-unidades-comestible-6-unidades-ferplast.jpg
 Juguete Hueso Natural Jamon 40Grs 6 unidades Comestible 6 unidades Ferplast - S,4.45,https://www.petsonic.com/21447-medium_default/juguete-hueso-natural-jamon-40grs-6-unidades-comestible-6-unidades-ferplast.jpg
 Orijen Wild Boar dog treats premios para perro 100% proteina y nada mas - 42.5 Gr,5.78,https://www.petsonic.com/20625-medium_default/orijen-treat-wild-board-56-gr-para-perros.jpg
 Specific Snack Healthy Treats Mini para Perro - 1 unidad de 300gr,2.71,https://www.petsonic.com/14914-medium_default/snack-healthy-treats-mini-para-perro.jpg
 Orijen Original dog treats premios para perro 100% proteina y nada mas - 42.5 Gr,5.98,https://www.petsonic.com/9782-medium_default/orijen-treats-original-56gr-para-perros.jpg
 Advance Puppy Snack premios para cachorros - Pack 7 sobres 150Grs.,20.14,https://www.petsonic.com/18854-medium_default/affinity-advance-puppy-snack-para-perros.jpg
 Specific Snack Healthy Treats para Perro - 1 unidad de 300gr,2.85,https://www.petsonic.com/14915-medium_default/snack-healthy-treats-para-perro.jpg
 Advance Dental Care Stick Mini Pack 4 x 360Grs higiene dental para perros - 28 Unidades,30.23,https://www.petsonic.com/18855-medium_default/affinity-advance-dental-care-stick-mini-para-perros.jpg
 Specific Snack Healthy Treats Hypoallergenic para Perro - 1 unidad de 300gr,3.38,https://www.petsonic.com/14916-medium_default/snack-healthy-treats-hypoallergenic-para-perro.jpg
 Advance Dental Care Stick Medium Pack higiene dental para perros - 180 Gr,34.58,https://www.petsonic.com/18858-medium_default/affinity-advance-dental-care-stick-medium-para-perros.jpg
 Advance Dental Care Stick Medium Pack higiene dental para perros - 13 Unidades.,34.58,https://www.petsonic.com/18857-medium_default/affinity-advance-dental-care-stick-medium-para-perros.jpg
 virbac VeggieDent Fresh para Perro - XS,5.34,https://www.petsonic.com/17253-medium_default/virbac-veggiedent-fresh-para-perro.jpg
 virbac VeggieDent Fresh para Perro - S,5.87,https://www.petsonic.com/17253-medium_default/virbac-veggiedent-fresh-para-perro.jpg
 virbac VeggieDent Fresh para Perro - M,6.78,https://www.petsonic.com/17253-medium_default/virbac-veggiedent-fresh-para-perro.jpg
 virbac VeggieDent Fresh para Perro - L,8.00,https://www.petsonic.com/17253-medium_default/virbac-veggiedent-fresh-para-perro.jpg
 Advance Hypoallergenic Snack premios para perros alergicos - Pack 7 sobres 150Grs.,18.16,https://www.petsonic.com/18860-medium_default/affinity-advance-hypoallergenic-snack-para-perros.jpg
 Carnilove Snack Crunchy Cordero y Arándanos premio crujiente para perro Lamb & Cranberries - 6 Unidades.,14.54,https://www.petsonic.com/19061-medium_default/snack-crunchy-cordero-arandanos.jpg
 Advance Appetite Control Snack para perros. Con efecto saciante - Pack 7 sobres 150Grs.,18.88,https://www.petsonic.com/18862-medium_default/affinity-advance-appetite-control-snack-para-perros.jpg
 Carnilove Snack Crunchy Avestruz y Moras premio crujiente para perro Ostrich & Blackberries - 6 Unidades.,14.54,https://www.petsonic.com/19062-medium_default/snack-crunchy-avestruz-moras.jpg
 Advance Articular Snack premios condroprotectores para perro - 1 x 14 packs de 155 gr,37.74,https://www.petsonic.com/18859-medium_default/affinity-advance-articular-snack-para-perros.jpg
 Carnilove Snack Crunchy Salmón con Arándanos premio crujiente para perro Salmon & Blueberries - 6 Unidades.,14.54,https://www.petsonic.com/19064-medium_default/snack-crunchy-salmon-arandanos.jpg
 Advance Sensitive Snack premios para gatos sensibles cuidado intestinal - Pack 7 sobres 150Grs.,15.13,https://www.petsonic.com/18863-medium_default/sensitive-snack.jpg
